[
  {
    "article": "Champions League underdog stuns defending champions",
    "prediction": "Sports",
    "timestamp": "2025-12-10T00:08:28.997268"
  },
  {
    "article": "smrithi mandana scored another century",
    "prediction": "Sports",
    "timestamp": "2025-12-03T18:54:04.386885"
  },
  {
    "article": "Central bank lifts interest rates amid inflation fears",
    "prediction": "Business",
    "timestamp": "2025-12-02T13:01:42.265794"
  },
  {
    "article": "Consumer goods registered negative growth, and the inventory factor would have played out,\u201d Madan Sabnavis, chief economist at the Bank of Baroda said. \u201cIt was -0.5% for durables and -4.4% for non-dur...",
    "prediction": "Business",
    "timestamp": "2025-12-02T11:02:52.616620"
  },
  {
    "article": "Industrial output growth at 13-month low of 0.4% in October",
    "prediction": "Business",
    "timestamp": "2025-12-02T11:02:32.900590"
  },
  {
    "article": "India\u2019s $5 Trillion Economy Push Explained: Why Modi Govt Wants To Merge 12 Banks Into 4 Mega \u2018World-Class\u2019 Lending Giants",
    "prediction": "Business",
    "timestamp": "2025-12-02T11:01:58.695761"
  },
  {
    "article": "He\u2019s played over 300 ODIs in 15\u201316 years, so the experience is inside him. It\u2019s in his body and mind. Even if he arrived here after three days of rain, it wouldn\u2019t have affected his preparation. He\u2019s ...",
    "prediction": "Sports",
    "timestamp": "2025-12-02T11:00:32.852983"
  },
  {
    "article": "The 5 Biggest Business Trends For 2025 Everyone Must Be Ready For Now\nByBernard Marr,Contributor.\n\nFollow Author\nSep 30, 2024, 01:59am EDT\n\nShare\n\nSave\n\nComment\n0\n\nDiscover the five pivotal business t...",
    "prediction": "Sci/Tech",
    "timestamp": "2025-12-02T10:59:58.601583"
  },
  {
    "article": "Innovation\nEnterprise Tech\nThe 5 Biggest Business Trends For 2025 Everyone Must Be Ready For Now\nByBernard Marr,Contributor.\n\nFollow Author\nSep 30, 2024, 01:59am EDT\n\nShare\n\nSave\n\nComment\n0\n\nDiscover ...",
    "prediction": "Sci/Tech",
    "timestamp": "2025-12-02T10:59:32.517658"
  },
  {
    "article": "The remarks are over the draft Corporate Average Fuel Efficiency (CAFE)-3 framework which has driven a rift in the auto industry. Under the proposed framework brought out by Bureau of Energy Efficienc...",
    "prediction": "Sci/Tech",
    "timestamp": "2025-12-02T10:58:22.065952"
  },
  {
    "article": "Auto-maker Maruti on Monday (December 1, 2025) warned that \u201csmall cars will have to be discontinued\u201d if the government\u2019s proposed norms for lowering fuel consumption and carbon emissions become unscie...",
    "prediction": "Sci/Tech",
    "timestamp": "2025-12-02T10:57:42.673251"
  },
  {
    "article": "another day another century for kohli",
    "prediction": "Sports",
    "timestamp": "2025-12-02T10:26:09.013888"
  },
  {
    "article": "Champions League underdog stuns defending champions",
    "prediction": "Sports",
    "timestamp": "2025-11-30T20:21:22.945776"
  },
  {
    "article": "Streaming giant reveals new original sci-fi lineup",
    "prediction": "Sci/Tech",
    "timestamp": "2025-11-30T20:20:31.996742"
  },
  {
    "article": "Central bank lifts interest rates amid inflation fears",
    "prediction": "Business",
    "timestamp": "2025-11-30T20:20:18.768791"
  },
  {
    "article": "Champions League underdog stuns defending champions",
    "prediction": "Sports",
    "timestamp": "2025-11-30T20:20:11.984888"
  },
  {
    "article": "Champions League underdog stuns defending champions",
    "prediction": "Sports",
    "timestamp": "2025-11-30T19:54:48.454374"
  },
  {
    "article": "viratkohli is very rich in games\r\n",
    "prediction": "Sports",
    "timestamp": "2025-11-30T19:17:46.578955"
  },
  {
    "article": "viratkohli scores another hundred\r\n",
    "prediction": "Sports",
    "timestamp": "2025-11-30T19:16:44.714456"
  },
  {
    "article": "Central bank lifts interest rates amid inflation fears",
    "prediction": "Business",
    "timestamp": "2025-11-30T19:15:10.396578"
  }
]